route_id,registration,last_seen_at
1,SN66WOD,2026-04-29T23:54:22.641Z
1,YY67USS,2026-04-29T23:54:22.641Z
2,LC67AHV,2026-04-29T23:54:22.641Z
4,LV23ZBR,2026-04-29T23:54:22.641Z
4,LV23ZBY,2026-04-29T23:54:22.641Z
5,LF74TVL,2026-04-29T23:54:22.641Z
5,YW17JUY,2026-04-29T23:54:22.641Z
6,LK67CYC,2026-04-29T23:54:22.641Z
6,LK67EKZ,2026-04-29T23:54:22.641Z
6,LK67ELH,2026-04-29T23:54:22.641Z
7,LK70AZD,2026-04-29T23:54:22.641Z
8,SK20BBJ,2026-04-29T23:54:22.641Z
8,SL14LNZ,2026-04-29T23:54:22.641Z
13,LJ17WRG,2026-04-29T23:54:22.641Z
13,LJ17WRR,2026-04-29T23:54:22.641Z
13,LJ17WRT,2026-04-29T23:54:22.641Z
13,LJ17WSY,2026-04-29T23:54:22.641Z
13,SN12ASX,2026-04-29T23:54:22.641Z
14,BV66VHU,2026-04-29T23:54:22.641Z
14,BV66VHX,2026-04-29T23:54:22.641Z
14,BV66VLN,2026-04-29T23:54:22.641Z
14,BV66ZRZ,2026-04-29T23:54:22.641Z
14,YY66OZA,2026-04-29T23:54:22.641Z
14,YY66OZD,2026-04-29T23:54:22.641Z
14,YY66OZK,2026-04-29T23:54:22.641Z
14,YY66OZU,2026-04-29T23:54:22.641Z
18,LF75ONK,2026-04-29T23:54:22.641Z
18,LF75OOD,2026-04-29T23:54:22.641Z
18,LF75OOV,2026-04-29T23:54:22.641Z
21,YX18KSZ,2026-04-29T23:54:22.641Z
23,LJ17WTD,2026-04-29T23:54:22.641Z
23,SN12APY,2026-04-29T23:54:22.641Z
23,SN12ATV,2026-04-29T23:54:22.641Z
23,YJ21EXM,2026-04-29T23:54:22.641Z
23,YJ70EVC,2026-04-29T23:54:22.641Z
23,YJ70EVT,2026-04-29T23:54:22.641Z
23,YJ70EXA,2026-04-29T23:54:22.641Z
25,SK20AXV,2026-04-29T23:54:22.641Z
25,SK20AYL,2026-04-29T23:54:22.641Z
25,SK20AYV,2026-04-29T23:54:22.641Z
25,SK20AYX,2026-04-29T23:54:22.641Z
25,SK20AZF,2026-04-29T23:54:22.641Z
25,SK20BDY,2026-04-29T23:54:22.641Z
26,LV25XWR,2026-04-29T23:54:22.641Z
28,LK12ADX,2026-04-29T23:54:22.641Z
28,LK12ARO,2026-04-29T23:54:22.641Z
28,LK12ATU,2026-04-29T23:54:22.641Z
29,LJ13FBF,2026-04-29T23:54:22.641Z
29,LJ13FBG,2026-04-29T23:54:22.641Z
29,LK66GBE,2026-04-29T23:54:22.641Z
29,LK66GBF,2026-04-29T23:54:22.641Z
29,LK66HCO,2026-04-29T23:54:22.641Z
29,LK66HDH,2026-04-29T23:54:22.641Z
30,LK18AJV,2026-04-29T23:54:22.641Z
30,LK18AMX,2026-04-29T23:54:22.641Z
30,LK18ANX,2026-04-29T23:54:22.641Z
30,LK18AOA,2026-04-29T23:54:22.641Z
30,LK18AOD,2026-04-29T23:54:22.641Z
31,LF75ONW,2026-04-29T23:54:22.641Z
31,LF75OPR,2026-04-29T23:54:22.641Z
31,LJ17WSD,2026-04-29T23:54:22.641Z
33,MF25HGG,2026-04-29T23:54:22.641Z
33,MF25HGP,2026-04-29T23:54:22.641Z
34,LF25TFV,2026-04-29T23:54:22.641Z
34,LF25TKD,2026-04-29T23:54:22.641Z
34,LF25TKJ,2026-04-29T23:54:22.641Z
34,LF25TKZ,2026-04-29T23:54:22.641Z
34,LF25TLY,2026-04-29T23:54:22.641Z
34,LF25TNO,2026-04-29T23:54:22.641Z
35,BP15OMK,2026-04-29T23:54:22.641Z
35,SN66WOC,2026-04-29T23:54:22.641Z
35,SN66WOJ,2026-04-29T23:54:22.641Z
35,SN66WOV,2026-04-29T23:54:22.641Z
35,YX16OCA,2026-04-29T23:54:22.641Z
35,YX16OCF,2026-04-29T23:54:22.641Z
35,YX16OCO,2026-04-29T23:54:22.641Z
36,SN18KMK,2026-04-29T23:54:22.641Z
36,SN18KNC,2026-04-29T23:54:22.641Z
36,YX18KRV,2026-04-29T23:54:22.641Z
36,YX18KRZ,2026-04-29T23:54:22.641Z
36,YX18KTA,2026-04-29T23:54:22.641Z
36,YX67VFM,2026-04-29T23:54:22.641Z
36,YY67UPX,2026-04-29T23:54:22.641Z
37,BG66MHX,2026-04-29T23:54:22.641Z
37,BG66MHY,2026-04-29T23:54:22.641Z
37,YW19VVJ,2026-04-29T23:54:22.641Z
37,YX18KPV,2026-04-29T23:54:22.641Z
39,LB23PJO,2026-04-29T23:54:22.641Z
39,LB23PJU,2026-04-29T23:54:22.641Z
39,LF24ZHC,2026-04-29T23:54:22.641Z
39,LF24ZHO,2026-04-29T23:54:22.641Z
40,LG73FRF,2026-04-29T23:54:22.641Z
40,LG73FSJ,2026-04-29T23:54:22.641Z
41,LF67EUK,2026-04-29T23:54:22.641Z
41,LY24JPX,2026-04-29T23:54:22.641Z
43,LJ19CVB,2026-04-29T23:54:22.641Z
43,LJ19CVE,2026-04-29T23:54:22.641Z
43,LY74EWB,2026-04-29T23:54:22.641Z
43,LY74NXV,2026-04-29T23:54:22.641Z
44,YX18KPP,2026-04-29T23:54:22.641Z
45,LV24VOC,2026-04-29T23:54:22.641Z
45,LV73FDO,2026-04-29T23:54:22.641Z
45,YX15OWJ,2026-04-29T23:54:22.641Z
45,YX17NVR,2026-04-29T23:54:22.641Z
45,YX17NVS,2026-04-29T23:54:22.641Z
45,YY67GZO,2026-04-29T23:54:22.641Z
45,YY67GZP,2026-04-29T23:54:22.641Z
45,YY67GZZ,2026-04-29T23:54:22.641Z
46,LJ18FHB,2026-04-29T23:54:22.641Z
47,BL65OYE,2026-04-29T23:54:22.641Z
47,BL65OYT,2026-04-29T23:54:22.641Z
47,LV73FDX,2026-04-29T23:54:22.641Z
47,SO68HDV,2026-04-29T23:54:22.641Z
49,LB69JOA,2026-04-29T23:54:22.641Z
49,LB69JPF,2026-04-29T23:54:22.641Z
49,LG71DWU,2026-04-29T23:54:22.641Z
50,LV23ZCA,2026-04-29T23:54:22.641Z
50,LV23ZCX,2026-04-29T23:54:22.641Z
51,LX11CXB,2026-04-29T23:54:22.641Z
51,SN11BNF,2026-04-29T23:54:22.641Z
51,SN11BNK,2026-04-29T23:54:22.641Z
51,SN11BOH,2026-04-29T23:54:22.641Z
52,LK17DCF,2026-04-29T23:54:22.641Z
52,LK67CYF,2026-04-29T23:54:22.641Z
52,LK67ENP,2026-04-29T23:54:22.641Z
53,SN14TWF,2026-04-29T23:54:22.641Z
53,YX16OGE,2026-04-29T23:54:22.641Z
53,YX16OGJ,2026-04-29T23:54:22.641Z
53,YX16OGN,2026-04-29T23:54:22.641Z
54,EU62AXV,2026-04-29T23:54:22.641Z
54,SO68HDK,2026-04-29T23:54:22.641Z
54,YX68UNE,2026-04-29T23:54:22.641Z
54,YY18TMZ,2026-04-29T23:54:22.641Z
56,SN64OHF,2026-04-29T23:54:22.641Z
56,YX19ORZ,2026-04-29T23:54:22.641Z
57,LF24ZGH,2026-04-29T23:54:22.641Z
57,LF24ZKD,2026-04-29T23:54:22.641Z
57,LF24ZKG,2026-04-29T23:54:22.641Z
57,LF24ZKH,2026-04-29T23:54:22.641Z
57,LF24ZKJ,2026-04-29T23:54:22.641Z
57,LG23EUY,2026-04-29T23:54:22.641Z
57,LG23EVD,2026-04-29T23:54:22.641Z
58,LJ24ZNP,2026-04-29T23:54:22.641Z
58,LJ24ZNR,2026-04-29T23:54:22.641Z
58,LJ24ZPZ,2026-04-29T23:54:22.641Z
58,LJ24ZRE,2026-04-29T23:54:22.641Z
58,LJ74XOD,2026-04-29T23:54:22.641Z
60,LF75OVV,2026-04-29T23:54:22.641Z
60,LF75OWD,2026-04-29T23:54:22.641Z
60,LF75OXW,2026-04-29T23:54:22.641Z
60,LJ13CDZ,2026-04-29T23:54:22.641Z
62,SN16OKD,2026-04-29T23:54:22.641Z
63,LC71KXL,2026-04-29T23:54:22.641Z
63,LV24VNS,2026-04-29T23:54:22.641Z
64,LV23EZF,2026-04-29T23:54:22.641Z
64,LY24FXO,2026-04-29T23:54:22.641Z
64,LY24JNX,2026-04-29T23:54:22.641Z
65,LE21FSG,2026-04-29T23:54:22.641Z
65,LG71DVT,2026-04-29T23:54:22.641Z
65,LG71DYB,2026-04-29T23:54:22.641Z
65,LG71DYC,2026-04-29T23:54:22.641Z
65,LG71DYP,2026-04-29T23:54:22.641Z
65,LJ15JZO,2026-04-29T23:54:22.641Z
66,LF67EVR,2026-04-29T23:54:22.641Z
69,LG21JGO,2026-04-29T23:54:22.641Z
69,LG21JHE,2026-04-29T23:54:22.641Z
69,LG21JHH,2026-04-29T23:54:22.641Z
71,LJ15JZL,2026-04-29T23:54:22.641Z
71,LJ15JZN,2026-04-29T23:54:22.641Z
71,LJ16EWG,2026-04-29T23:54:22.641Z
71,LJ16EWM,2026-04-29T23:54:22.641Z
71,LJ16EWT,2026-04-29T23:54:22.641Z
72,YX68UVA,2026-04-29T23:54:22.641Z
72,YX68UVC,2026-04-29T23:54:22.641Z
74,BT66MSO,2026-04-29T23:54:22.641Z
74,BV66VHH,2026-04-29T23:54:22.641Z
74,BV66VJN,2026-04-29T23:54:22.641Z
74,BV66VKB,2026-04-29T23:54:22.641Z
74,YY66OZG,2026-04-29T23:54:22.641Z
75,SO68HDL,2026-04-29T23:54:22.641Z
75,YW68OZO,2026-04-29T23:54:22.641Z
75,YW68PCO,2026-04-29T23:54:22.641Z
75,YW68PCU,2026-04-29T23:54:22.641Z
75,YX19OMA,2026-04-29T23:54:22.641Z
75,YX68UMY,2026-04-29T23:54:22.641Z
75,YY18TMV,2026-04-29T23:54:22.641Z
77,YX18KXD,2026-04-29T23:54:22.641Z
77,YX18KXF,2026-04-29T23:54:22.641Z
77,YY66OYH,2026-04-29T23:54:22.641Z
78,YX18KRN,2026-04-29T23:54:22.641Z
78,YX66WHD,2026-04-29T23:54:22.641Z
78,YX66WHK,2026-04-29T23:54:22.641Z
79,BU16UXN,2026-04-29T23:54:22.641Z
79,YX68UNL,2026-04-29T23:54:22.641Z
80,BF65WJX,2026-04-29T23:54:22.641Z
80,BF65WJZ,2026-04-29T23:54:22.641Z
80,BF65WKC,2026-04-29T23:54:22.641Z
80,LG23FFZ,2026-04-29T23:54:22.641Z
80,LG23FGM,2026-04-29T23:54:22.641Z
80,LG23FGX,2026-04-29T23:54:22.641Z
81,LK17DBO,2026-04-29T23:54:22.641Z
85,LJ15JYZ,2026-04-29T23:54:22.641Z
85,LJ15JZE,2026-04-29T23:54:22.641Z
85,LJ16EVD,2026-04-29T23:54:22.641Z
85,LJ16EVW,2026-04-29T23:54:22.641Z
85,LJ16KLV,2026-04-29T23:54:22.641Z
86,LV25OSX,2026-04-29T23:54:22.641Z
86,LV73FFL,2026-04-29T23:54:22.641Z
86,LV73FFT,2026-04-29T23:54:22.641Z
88,BD65EVW,2026-04-29T23:54:22.641Z
88,LF67EXD,2026-04-29T23:54:22.641Z
88,YX18KXS,2026-04-29T23:54:22.641Z
88,YY66OYE,2026-04-29T23:54:22.641Z
88,YY67UTO,2026-04-29T23:54:22.641Z
90,LF19FXD,2026-04-29T23:54:22.641Z
90,LF68PXL,2026-04-29T23:54:22.641Z
90,LK17CYP,2026-04-29T23:54:22.641Z
90,LK17DFV,2026-04-29T23:54:22.641Z
90,LK17DGO,2026-04-29T23:54:22.641Z
92,LA68DXL,2026-04-29T23:54:22.641Z
92,LK65EBM,2026-04-29T23:54:22.641Z
93,LG23EZH,2026-04-29T23:54:22.641Z
93,LG23EZK,2026-04-29T23:54:22.641Z
93,LG23FBF,2026-04-29T23:54:22.641Z
93,LG23FFX,2026-04-29T23:54:22.641Z
93,LG23FGD,2026-04-29T23:54:22.641Z
93,LG23FHC,2026-04-29T23:54:22.641Z
94,LB69JNU,2026-04-29T23:54:22.641Z
94,LB69JOV,2026-04-29T23:54:22.641Z
94,LB69JPY,2026-04-29T23:54:22.641Z
94,LB69JRX,2026-04-29T23:54:22.641Z
95,LK65EBN,2026-04-29T23:54:22.641Z
96,LJ62BCU,2026-04-29T23:54:22.641Z
96,LJ62BZH,2026-04-29T23:54:22.641Z
97,BL65OYW,2026-04-29T23:54:22.641Z
97,LJ17WTN,2026-04-29T23:54:22.641Z
97,SK19FDC,2026-04-29T23:54:22.641Z
98,LV23EBN,2026-04-29T23:54:22.641Z
98,LV23EBO,2026-04-29T23:54:22.641Z
99,LV25WYB,2026-04-29T23:54:22.641Z
99,LV25WYK,2026-04-29T23:54:22.641Z
99,LX59CYL,2026-04-29T23:54:22.641Z
101,LF25SFX,2026-04-29T23:54:22.641Z
101,LF25SFY,2026-04-29T23:54:22.641Z
101,LF25SGO,2026-04-29T23:54:22.641Z
101,LF74TUJ,2026-04-29T23:54:22.641Z
102,LJ13FDL,2026-04-29T23:54:22.641Z
102,LK66GFZ,2026-04-29T23:54:22.641Z
102,LK66GGA,2026-04-29T23:54:22.641Z
104,BD65EWT,2026-04-29T23:54:22.641Z
104,BF65WKE,2026-04-29T23:54:22.641Z
104,YX13BJO,2026-04-29T23:54:22.641Z
105,LF18AXC,2026-04-29T23:54:22.641Z
105,LF18AXM,2026-04-29T23:54:22.641Z
105,LF18AXT,2026-04-29T23:54:22.641Z
105,LF18AXU,2026-04-29T23:54:22.641Z
105,LJ15LBE,2026-04-29T23:54:22.641Z
106,LF20XLJ,2026-04-29T23:54:22.641Z
106,LF20XLK,2026-04-29T23:54:22.641Z
106,LF20XMB,2026-04-29T23:54:22.641Z
106,LF20XMJ,2026-04-29T23:54:22.641Z
106,LF20XMK,2026-04-29T23:54:22.641Z
106,LF24ZJY,2026-04-29T23:54:22.641Z
106,LV25OTE,2026-04-29T23:54:22.641Z
107,LK65EBV,2026-04-29T23:54:22.641Z
108,LB23PGO,2026-04-29T23:54:22.641Z
108,LG73FSE,2026-04-29T23:54:22.641Z
108,LJ16NNU,2026-04-29T23:54:22.641Z
108,LJ66CFM,2026-04-29T23:54:22.641Z
108,LJ66CFY,2026-04-29T23:54:22.641Z
108,LJ66CFZ,2026-04-29T23:54:22.641Z
108,LJ66CGO,2026-04-29T23:54:22.641Z
108,LJ66CHH,2026-04-29T23:54:22.641Z
108,SN66WOH,2026-04-29T23:54:22.641Z
109,SK20AZL,2026-04-29T23:54:22.641Z
109,YY64TYX,2026-04-29T23:54:22.641Z
109,YY67GZD,2026-04-29T23:54:22.641Z
110,SN17MUW,2026-04-29T23:54:22.641Z
110,YX17NHG,2026-04-29T23:54:22.641Z
110,YX17NHJ,2026-04-29T23:54:22.641Z
110,YX17NHN,2026-04-29T23:54:22.641Z
110,YX68UPA,2026-04-29T23:54:22.641Z
111,LV72BYT,2026-04-29T23:54:22.641Z
111,LV72BZG,2026-04-29T23:54:22.641Z
111,LV72BZL,2026-04-29T23:54:22.641Z
111,LV72BZM,2026-04-29T23:54:22.641Z
111,LV72BZT,2026-04-29T23:54:22.641Z
111,SK20BFV,2026-04-29T23:54:22.641Z
113,LV23DGX,2026-04-29T23:54:22.641Z
113,LV23DHM,2026-04-29T23:54:22.641Z
113,LV23DHY,2026-04-29T23:54:22.641Z
113,LV23DJJ,2026-04-29T23:54:22.641Z
113,LV23DJY,2026-04-29T23:54:22.641Z
113,LV24VPL,2026-04-29T23:54:22.641Z
114,LK16DFF,2026-04-29T23:54:22.641Z
114,LK16DFL,2026-04-29T23:54:22.641Z
114,LK16DFX,2026-04-29T23:54:22.641Z
114,LK16DGU,2026-04-29T23:54:22.641Z
114,LK67CXM,2026-04-29T23:54:22.641Z
115,SN18KME,2026-04-29T23:54:22.641Z
115,SN18KMG,2026-04-29T23:54:22.641Z
115,YW17JUJ,2026-04-29T23:54:22.641Z
115,YW17JUX,2026-04-29T23:54:22.641Z
115,YW17JVD,2026-04-29T23:54:22.641Z
119,BP15OLV,2026-04-29T23:54:22.641Z
119,BP15OLW,2026-04-29T23:54:22.641Z
119,SN61BJY,2026-04-29T23:54:22.641Z
119,SN61BKA,2026-04-29T23:54:22.641Z
121,LJ13CDE,2026-04-29T23:54:22.641Z
121,LJ13CJF,2026-04-29T23:54:22.641Z
121,LJ13CKC,2026-04-29T23:54:22.641Z
121,LJ13CKE,2026-04-29T23:54:22.641Z
121,LJ13CLF,2026-04-29T23:54:22.641Z
121,LJ13CLO,2026-04-29T23:54:22.641Z
121,LJ13CLZ,2026-04-29T23:54:22.641Z
122,BF15KGY,2026-04-29T23:54:22.641Z
122,BF15KGZ,2026-04-29T23:54:22.641Z
122,SN63NBF,2026-04-29T23:54:22.641Z
123,BF65WJV,2026-04-29T23:54:22.641Z
123,BL15HCC,2026-04-29T23:54:22.641Z
123,BT66MPE,2026-04-29T23:54:22.641Z
123,BV66VFZ,2026-04-29T23:54:22.641Z
123,LF67EWP,2026-04-29T23:54:22.641Z
123,LF67EWS,2026-04-29T23:54:22.641Z
123,LF67EWV,2026-04-29T23:54:22.641Z
123,LJ61NVE,2026-04-29T23:54:22.641Z
124,LX12DHK,2026-04-29T23:54:22.641Z
125,LF18AYH,2026-04-29T23:54:22.641Z
125,LG71DXR,2026-04-29T23:54:22.641Z
125,LJ66EZR,2026-04-29T23:54:22.641Z
125,YY67UUR,2026-04-29T23:54:22.641Z
127,BF63HDG,2026-04-29T23:54:22.641Z
128,LX12DFE,2026-04-29T23:54:22.641Z
128,LX12DFG,2026-04-29T23:54:22.641Z
128,LX12DFK,2026-04-29T23:54:22.641Z
128,LX12DFN,2026-04-29T23:54:22.641Z
129,LF74TVE,2026-04-29T23:54:22.641Z
129,LF74TXB,2026-04-29T23:54:22.641Z
129,LF74TXD,2026-04-29T23:54:22.641Z
129,LF74TXK,2026-04-29T23:54:22.641Z
129,LF74TXP,2026-04-29T23:54:22.641Z
129,LF74TXT,2026-04-29T23:54:22.641Z
131,LG23EUR,2026-04-29T23:54:22.641Z
131,LX75ZFO,2026-04-29T23:54:22.641Z
132,LG71DZH,2026-04-29T23:54:22.641Z
132,LG71DZL,2026-04-29T23:54:22.641Z
132,LG71DZX,2026-04-29T23:54:22.641Z
132,LJ61NUU,2026-04-29T23:54:22.641Z
133,LV24EUH,2026-04-29T23:54:22.641Z
133,LV24EUM,2026-04-29T23:54:22.641Z
133,LV24EUR,2026-04-29T23:54:22.641Z
133,LV24EWK,2026-04-29T23:54:22.641Z
133,LV24EWU,2026-04-29T23:54:22.641Z
133,LV24EWY,2026-04-29T23:54:22.641Z
133,LV25VTK,2026-04-29T23:54:22.641Z
133,LV73FHP,2026-04-29T23:54:22.641Z
134,LK65EBX,2026-04-29T23:54:22.641Z
134,LK66EOH,2026-04-29T23:54:22.641Z
134,LV25XXN,2026-04-29T23:54:22.641Z
135,BU16UXA,2026-04-29T23:54:22.641Z
135,BU16UXG,2026-04-29T23:54:22.641Z
135,BU16UXZ,2026-04-29T23:54:22.641Z
135,LJ17WRF,2026-04-29T23:54:22.641Z
135,LJ17WTL,2026-04-29T23:54:22.641Z
135,LJ17WTY,2026-04-29T23:54:22.641Z
136,BL65OYN,2026-04-29T23:54:22.641Z
136,YW68OZL,2026-04-29T23:54:22.641Z
136,YX19OMH,2026-04-29T23:54:22.641Z
139,LK15CRZ,2026-04-29T23:54:22.641Z
139,LK15CWD,2026-04-29T23:54:22.641Z
139,LK15CWF,2026-04-29T23:54:22.641Z
139,LK64EDV,2026-04-29T23:54:22.641Z
140,LK16HZF,2026-04-29T23:54:22.641Z
141,LC67AHE,2026-04-29T23:54:22.641Z
141,LF25TJU,2026-04-29T23:54:22.641Z
141,LF25TKC,2026-04-29T23:54:22.641Z
141,LF25TKN,2026-04-29T23:54:22.641Z
141,LF67EWJ,2026-04-29T23:54:22.641Z
141,LK66GEY,2026-04-29T23:54:22.641Z
141,LK66GFA,2026-04-29T23:54:22.641Z
141,LK66GFJ,2026-04-29T23:54:22.641Z
142,LG22AXH,2026-04-29T23:54:22.641Z
142,LG22AXS,2026-04-29T23:54:22.641Z
142,LG22AXV,2026-04-29T23:54:22.641Z
142,LV23DHE,2026-04-29T23:54:22.641Z
144,BF65WJC,2026-04-29T23:54:22.641Z
144,BF65WJD,2026-04-29T23:54:22.641Z
144,BF65WJE,2026-04-29T23:54:22.641Z
144,BF65WJM,2026-04-29T23:54:22.641Z
144,BF65WJU,2026-04-29T23:54:22.641Z
144,BK15AZT,2026-04-29T23:54:22.641Z
144,BL15HBK,2026-04-29T23:54:22.641Z
144,BV66VKG,2026-04-29T23:54:22.641Z
145,YY66PKE,2026-04-29T23:54:22.641Z
147,BD65EWN,2026-04-29T23:54:22.641Z
147,BT66MPO,2026-04-29T23:54:22.641Z
147,BU16OYM,2026-04-29T23:54:22.641Z
147,SN13CJJ,2026-04-29T23:54:22.641Z
147,SN61BJV,2026-04-29T23:54:22.641Z
150,BN14VZO,2026-04-29T23:54:22.641Z
152,LG23FKF,2026-04-29T23:54:22.641Z
152,LG73FTE,2026-04-29T23:54:22.641Z
154,LD72UHW,2026-04-29T23:54:22.641Z
154,LG23EZM,2026-04-29T23:54:22.641Z
154,LG23FAF,2026-04-29T23:54:22.641Z
154,LG23FFW,2026-04-29T23:54:22.641Z
154,LG23FHJ,2026-04-29T23:54:22.641Z
156,SN12AUF,2026-04-29T23:54:22.641Z
157,BD65EVN,2026-04-29T23:54:22.641Z
157,LF24ZGJ,2026-04-29T23:54:22.641Z
157,LF24ZGP,2026-04-29T23:54:22.641Z
157,LG23EUZ,2026-04-29T23:54:22.641Z
158,LJ13CCE,2026-04-29T23:54:22.641Z
158,LJ13CEX,2026-04-29T23:54:22.641Z
158,LJ61CBF,2026-04-29T23:54:22.641Z
158,LJ61CBO,2026-04-29T23:54:22.641Z
158,LJ61CBV,2026-04-29T23:54:22.641Z
158,LJ62BBZ,2026-04-29T23:54:22.641Z
158,LT63UKH,2026-04-29T23:54:22.641Z
160,LG71DNV,2026-04-29T23:54:22.641Z
160,LG71DPO,2026-04-29T23:54:22.641Z
161,SN14TWD,2026-04-29T23:54:22.641Z
161,SN67XEB,2026-04-29T23:54:22.641Z
161,SN67XES,2026-04-29T23:54:22.641Z
161,YX16OGS,2026-04-29T23:54:22.641Z
161,YX16OGZ,2026-04-29T23:54:22.641Z
162,SN16OLR,2026-04-29T23:54:22.641Z
162,SN16OLT,2026-04-29T23:54:22.641Z
163,LG23FKB,2026-04-29T23:54:22.641Z
163,LG23FKU,2026-04-29T23:54:22.641Z
163,LG73FTA,2026-04-29T23:54:22.641Z
163,SN12AVE,2026-04-29T23:54:22.641Z
164,LG23FKE,2026-04-29T23:54:22.641Z
164,LG23FKN,2026-04-29T23:54:22.641Z
164,LG23FKW,2026-04-29T23:54:22.641Z
164,LG73FSL,2026-04-29T23:54:22.641Z
165,LX75ZHE,2026-04-29T23:54:22.641Z
165,LX75ZKB,2026-04-29T23:54:22.641Z
165,LX75ZKP,2026-04-29T23:54:22.641Z
166,LJ61CKN,2026-04-29T23:54:22.641Z
169,YY66PHN,2026-04-29T23:54:22.641Z
170,YX65RNZ,2026-04-29T23:54:22.641Z
170,YX65ROU,2026-04-29T23:54:22.641Z
170,YX65RPV,2026-04-29T23:54:22.641Z
170,YX65RRO,2026-04-29T23:54:22.641Z
170,YX65RSO,2026-04-29T23:54:22.641Z
170,YX65RSU,2026-04-29T23:54:22.641Z
172,LV25XUX,2026-04-29T23:54:22.641Z
174,LV75HJE,2026-04-29T23:54:22.641Z
174,LV75HJN,2026-04-29T23:54:22.641Z
174,LX75ZJN,2026-04-29T23:54:22.641Z
174,LX75ZJV,2026-04-29T23:54:22.641Z
174,LX75ZKA,2026-04-29T23:54:22.641Z
174,LX75ZKC,2026-04-29T23:54:22.641Z
175,BG14ONU,2026-04-29T23:54:22.641Z
175,BN14VZL,2026-04-29T23:54:22.641Z
176,BX14TJV,2026-04-29T23:54:22.641Z
177,BF15KGJ,2026-04-29T23:54:22.641Z
177,BF15KGX,2026-04-29T23:54:22.641Z
177,SN14TVW,2026-04-29T23:54:22.641Z
177,SN14TVZ,2026-04-29T23:54:22.641Z
177,YX16OGH,2026-04-29T23:54:22.641Z
179,SN16OJR,2026-04-29T23:54:22.641Z
179,SN16OKH,2026-04-29T23:54:22.641Z
180,BF15KHA,2026-04-29T23:54:22.641Z
180,SN63JWD,2026-04-29T23:54:22.641Z
180,YX16OHB,2026-04-29T23:54:22.641Z
181,SN67XBR,2026-04-29T23:54:22.641Z
181,SN67XBU,2026-04-29T23:54:22.641Z
181,SN67XBV,2026-04-29T23:54:22.641Z
181,SN67XBX,2026-04-29T23:54:22.641Z
182,LK16HZR,2026-04-29T23:54:22.641Z
182,LK16HZW,2026-04-29T23:54:22.641Z
182,LK62DVJ,2026-04-29T23:54:22.641Z
182,LK66DWW,2026-04-29T23:54:22.641Z
183,LG22AUV,2026-04-29T23:54:22.641Z
183,LG22AUW,2026-04-29T23:54:22.641Z
183,LG22AVC,2026-04-29T23:54:22.641Z
184,LF20XMX,2026-04-29T23:54:22.641Z
185,LG73FRC,2026-04-29T23:54:22.641Z
185,LG73FRZ,2026-04-29T23:54:22.641Z
185,LG73FTO,2026-04-29T23:54:22.641Z
186,LK16HZG,2026-04-29T23:54:22.641Z
187,LF73DVP,2026-04-29T23:54:22.641Z
187,LF73DWD,2026-04-29T23:54:22.641Z
188,BF65WJA,2026-04-29T23:54:22.641Z
188,BV66VJA,2026-04-29T23:54:22.641Z
188,LA25EVP,2026-04-29T23:54:22.641Z
188,LA25EVV,2026-04-29T23:54:22.641Z
188,LA25EVX,2026-04-29T23:54:22.641Z
188,LA25EWB,2026-04-29T23:54:22.641Z
188,LA25EWC,2026-04-29T23:54:22.641Z
188,LA25EWF,2026-04-29T23:54:22.641Z
188,LA25EWM,2026-04-29T23:54:22.641Z
190,LK18AKU,2026-04-29T23:54:22.641Z
190,LK66FSF,2026-04-29T23:54:22.641Z
192,YX69NYB,2026-04-29T23:54:22.641Z
192,YX69NYC,2026-04-29T23:54:22.641Z
192,YX69NYN,2026-04-29T23:54:22.641Z
192,YX69NYU,2026-04-29T23:54:22.641Z
194,LJ10CVD,2026-04-29T23:54:22.641Z
194,LJ13CFE,2026-04-29T23:54:22.641Z
195,SN17MMX,2026-04-29T23:54:22.641Z
195,SN17MPF,2026-04-29T23:54:22.641Z
195,SN17MPU,2026-04-29T23:54:22.641Z
197,YW19VVA,2026-04-29T23:54:22.641Z
197,YW19VVR,2026-04-29T23:54:22.641Z
197,YY66OYK,2026-04-29T23:54:22.641Z
199,BL65OYD,2026-04-29T23:54:22.641Z
199,BL65OYK,2026-04-29T23:54:22.641Z
199,LV75HGZ,2026-04-29T23:54:22.641Z
201,YX10EBD,2026-04-29T23:54:22.641Z
202,SK20BGF,2026-04-29T23:54:22.641Z
202,SK20BGY,2026-04-29T23:54:22.641Z
202,SK20BGZ,2026-04-29T23:54:22.641Z
203,LJ65FZK,2026-04-29T23:54:22.641Z
204,LV23DHA,2026-04-29T23:54:22.641Z
204,LV23DHC,2026-04-29T23:54:22.641Z
204,LV24VOU,2026-04-29T23:54:22.641Z
204,LV24VPM,2026-04-29T23:54:22.641Z
205,SL14LNT,2026-04-29T23:54:22.641Z
205,SL14LNW,2026-04-29T23:54:22.641Z
205,SN14TYD,2026-04-29T23:54:22.641Z
205,SN14TYG,2026-04-29T23:54:22.641Z
205,SN62DND,2026-04-29T23:54:22.641Z
206,LJ24ZKZ,2026-04-29T23:54:22.641Z
206,LJ24ZLO,2026-04-29T23:54:22.641Z
208,YW19VPC,2026-04-29T23:54:22.641Z
208,YW19VPL,2026-04-29T23:54:22.641Z
208,YW19VPR,2026-04-29T23:54:22.641Z
209,YW19VSN,2026-04-29T23:54:22.641Z
210,LF25SYH,2026-04-29T23:54:22.641Z
210,LV25CMU,2026-04-29T23:54:22.641Z
212,LF20XLW,2026-04-29T23:54:22.641Z
212,LF24ZJV,2026-04-29T23:54:22.641Z
212,LF24ZJX,2026-04-29T23:54:22.641Z
213,LD72UHT,2026-04-29T23:54:22.641Z
213,LD72YAH,2026-04-29T23:54:22.641Z
213,LG23EUU,2026-04-29T23:54:22.641Z
213,LG23FAK,2026-04-29T23:54:22.641Z
213,LG23FBB,2026-04-29T23:54:22.641Z
213,LG23FBD,2026-04-29T23:54:22.641Z
213,LG23FGK,2026-04-29T23:54:22.641Z
214,LA19KBP,2026-04-29T23:54:22.641Z
214,LA19KBU,2026-04-29T23:54:22.641Z
214,LA19KCE,2026-04-29T23:54:22.641Z
216,SN18KRD,2026-04-29T23:54:22.641Z
217,LJ61CCF,2026-04-29T23:54:22.641Z
217,LJ61CCN,2026-04-29T23:54:22.641Z
217,LV23ECJ,2026-04-29T23:54:22.641Z
220,BF67GLZ,2026-04-29T23:54:22.641Z
220,BF67GMV,2026-04-29T23:54:22.641Z
220,LJ16EWK,2026-04-29T23:54:22.641Z
221,LJ13FET,2026-04-29T23:54:22.641Z
221,LK66GCX,2026-04-29T23:54:22.641Z
221,LK66HDO,2026-04-29T23:54:22.641Z
222,LK16DGO,2026-04-29T23:54:22.641Z
222,LK67CXF,2026-04-29T23:54:22.641Z
222,LK67CXH,2026-04-29T23:54:22.641Z
222,LK67CXO,2026-04-29T23:54:22.641Z
225,YX17NWK,2026-04-29T23:54:22.641Z
225,YX17NWM,2026-04-29T23:54:22.641Z
225,YX68UJB,2026-04-29T23:54:22.641Z
226,LG72ECV,2026-04-29T23:54:22.641Z
226,LG72EDR,2026-04-29T23:54:22.641Z
226,SK68LTY,2026-04-29T23:54:22.641Z
226,SN18KWE,2026-04-29T23:54:22.641Z
227,SK19FBL,2026-04-29T23:54:22.641Z
228,LF73DVN,2026-04-29T23:54:22.641Z
228,LJ24ZMV,2026-04-29T23:54:22.641Z
229,LK65EKN,2026-04-29T23:54:22.641Z
230,LF20XMP,2026-04-29T23:54:22.641Z
230,LV25CTK,2026-04-29T23:54:22.641Z
230,LV25CTO,2026-04-29T23:54:22.641Z
230,LV25CTU,2026-04-29T23:54:22.641Z
230,LV25CWE,2026-04-29T23:54:22.641Z
230,LV25OTD,2026-04-29T23:54:22.641Z
231,LK13BFA,2026-04-29T23:54:22.641Z
233,YX25OBV,2026-04-29T23:54:22.641Z
234,YX61EKV,2026-04-29T23:54:22.641Z
236,SK17HGF,2026-04-29T23:54:22.641Z
236,YX12AHJ,2026-04-29T23:54:22.641Z
236,YY64YKN,2026-04-29T23:54:22.641Z
237,BL64MHK,2026-04-29T23:54:22.641Z
237,LK17DDL,2026-04-29T23:54:22.641Z
237,LK17DFN,2026-04-29T23:54:22.641Z
237,LK18AKF,2026-04-29T23:54:22.641Z
238,SN16OJO,2026-04-29T23:54:22.641Z
238,SN16OJP,2026-04-29T23:54:22.641Z
238,SN16OJS,2026-04-29T23:54:22.641Z
241,LX12DDF,2026-04-29T23:54:22.641Z
241,YY18TGN,2026-04-29T23:54:22.641Z
241,YY18TGO,2026-04-29T23:54:22.641Z
241,YY18TGU,2026-04-29T23:54:22.641Z
241,YY18TGV,2026-04-29T23:54:22.641Z
242,LJ74XPD,2026-04-29T23:54:22.641Z
242,LV24EVL,2026-04-29T23:54:22.641Z
243,LJ75WBE,2026-04-29T23:54:22.641Z
243,LY24JPV,2026-04-29T23:54:22.641Z
243,LY24JRZ,2026-04-29T23:54:22.641Z
243,LY24JSZ,2026-04-29T23:54:22.641Z
243,LY24JUA,2026-04-29T23:54:22.641Z
243,LY24KZE,2026-04-29T23:54:22.641Z
243,LY24KZG,2026-04-29T23:54:22.641Z
243,LY24RWL,2026-04-29T23:54:22.641Z
244,SN61DCZ,2026-04-29T23:54:22.641Z
246,YY15OWW,2026-04-29T23:54:22.641Z
246,YY15OXC,2026-04-29T23:54:22.641Z
249,LC67ACX,2026-04-29T23:54:22.641Z
249,LK17ALO,2026-04-29T23:54:22.641Z
250,LJ60ASX,2026-04-29T23:54:22.641Z
250,LJ60AUX,2026-04-29T23:54:22.641Z
250,LV23EYF,2026-04-29T23:54:22.641Z
250,LV23EYH,2026-04-29T23:54:22.641Z
250,LV23EZE,2026-04-29T23:54:22.641Z
250,LY24FXG,2026-04-29T23:54:22.641Z
252,LX11AYZ,2026-04-29T23:54:22.641Z
252,LX11AZZ,2026-04-29T23:54:22.641Z
252,LX11BHK,2026-04-29T23:54:22.641Z
252,SN16OLO,2026-04-29T23:54:22.641Z
255,LY24EKW,2026-04-29T23:54:22.641Z
257,LX12DAA,2026-04-29T23:54:22.641Z
257,LX61DCU,2026-04-29T23:54:22.641Z
257,LX61DFF,2026-04-29T23:54:22.641Z
257,LX61DFG,2026-04-29T23:54:22.641Z
257,SN64OGH,2026-04-29T23:54:22.641Z
260,LK15CXR,2026-04-29T23:54:22.641Z
261,LV75FLL,2026-04-29T23:54:22.641Z
261,SK25BCF,2026-04-29T23:54:22.641Z
261,SK25BCY,2026-04-29T23:54:22.641Z
261,YX68UTM,2026-04-29T23:54:22.641Z
261,YX68UTP,2026-04-29T23:54:22.641Z
262,LF24ZNW,2026-04-29T23:54:22.641Z
262,LF24ZPC,2026-04-29T23:54:22.641Z
262,LF24ZPD,2026-04-29T23:54:22.641Z
262,LF24ZPG,2026-04-29T23:54:22.641Z
263,LV74TJO,2026-04-29T23:54:22.641Z
264,LG72DOU,2026-04-29T23:54:22.641Z
264,LG72DPN,2026-04-29T23:54:22.641Z
264,LG72DPX,2026-04-29T23:54:22.641Z
265,LF24ZHN,2026-04-29T23:54:22.641Z
269,LV25WXS,2026-04-29T23:54:22.641Z
270,LV25CVE,2026-04-29T23:54:22.641Z
274,LK18ANU,2026-04-29T23:54:22.641Z
275,LX11BLZ,2026-04-29T23:54:22.641Z
276,LF73DYC,2026-04-29T23:54:22.641Z
276,LJ24ZKG,2026-04-29T23:54:22.641Z
276,LJ24ZKL,2026-04-29T23:54:22.641Z
276,LJ24ZKM,2026-04-29T23:54:22.641Z
276,LJ24ZKP,2026-04-29T23:54:22.641Z
277,LV24EVC,2026-04-29T23:54:22.641Z
277,LV24EVF,2026-04-29T23:54:22.641Z
278,SN61DGF,2026-04-29T23:54:22.641Z
278,SN61DGO,2026-04-29T23:54:22.641Z
279,LV23EBU,2026-04-29T23:54:22.641Z
279,LV23ECW,2026-04-29T23:54:22.641Z
279,LV24VSF,2026-04-29T23:54:22.641Z
279,LV24WUR,2026-04-29T23:54:22.641Z
280,LJ12CHK,2026-04-29T23:54:22.641Z
281,LG71DVU,2026-04-29T23:54:22.641Z
281,LG71DVW,2026-04-29T23:54:22.641Z
281,LG71DYM,2026-04-29T23:54:22.641Z
281,LG71DYO,2026-04-29T23:54:22.641Z
281,LJ15JZP,2026-04-29T23:54:22.641Z
281,LJ15JZU,2026-04-29T23:54:22.641Z
281,LJ15JZV,2026-04-29T23:54:22.641Z
284,YY67UTR,2026-04-29T23:54:22.641Z
284,YY67UTU,2026-04-29T23:54:22.641Z
284,YY67UTZ,2026-04-29T23:54:22.641Z
285,SK20BDZ,2026-04-29T23:54:22.641Z
285,SK20BFA,2026-04-29T23:54:22.641Z
285,SK20BFL,2026-04-29T23:54:22.641Z
285,SK20BFU,2026-04-29T23:54:22.641Z
286,YX11AGU,2026-04-29T23:54:22.641Z
295,LD72UGK,2026-04-29T23:54:22.641Z
295,LJ17WSV,2026-04-29T23:54:22.641Z
297,LK11CXX,2026-04-29T23:54:22.641Z
297,LK12AMO,2026-04-29T23:54:22.641Z
297,LK17CYY,2026-04-29T23:54:22.641Z
297,LK17DFX,2026-04-29T23:54:22.641Z
300,YX61BWD,2026-04-29T23:54:22.641Z
300,YX61BWM,2026-04-29T23:54:22.641Z
300,YX61BXS,2026-04-29T23:54:22.641Z
301,LJ62BWF,2026-04-29T23:54:22.641Z
304,SN61BJO,2026-04-29T23:54:22.641Z
304,SN61DCO,2026-04-29T23:54:22.641Z
304,SN61DCU,2026-04-29T23:54:22.641Z
304,YX13BJY,2026-04-29T23:54:22.641Z
306,LV24EVU,2026-04-29T23:54:22.641Z
307,LV24VSO,2026-04-29T23:54:22.641Z
307,LY24EKM,2026-04-29T23:54:22.641Z
307,LY24EKN,2026-04-29T23:54:22.641Z
309,YY66PYV,2026-04-29T23:54:22.641Z
309,YY66PYX,2026-04-29T23:54:22.641Z
309,YY66PZC,2026-04-29T23:54:22.641Z
309,YY66PZD,2026-04-29T23:54:22.641Z
312,LJ60AYO,2026-04-29T23:54:22.641Z
312,LX11AWF,2026-04-29T23:54:22.641Z
312,LX11AWJ,2026-04-29T23:54:22.641Z
314,LJ25XMH,2026-04-29T23:54:22.641Z
316,LG75YYN,2026-04-29T23:54:22.641Z
317,LK12AHD,2026-04-29T23:54:22.641Z
317,LV25XXY,2026-04-29T23:54:22.641Z
319,LG71DJV,2026-04-29T23:54:22.641Z
319,LG71DJZ,2026-04-29T23:54:22.641Z
319,LG71DKN,2026-04-29T23:54:22.641Z
321,LF25SFK,2026-04-29T23:54:22.641Z
321,LF74TZA,2026-04-29T23:54:22.641Z
321,LF74TZD,2026-04-29T23:54:22.641Z
321,LF74TZG,2026-04-29T23:54:22.641Z
321,LF74TZH,2026-04-29T23:54:22.641Z
321,LF74TZJ,2026-04-29T23:54:22.641Z
324,YX19OVE,2026-04-29T23:54:22.641Z
326,YX68URP,2026-04-29T23:54:22.641Z
328,LK64EDU,2026-04-29T23:54:22.641Z
328,LK64EDX,2026-04-29T23:54:22.641Z
328,LK64EHD,2026-04-29T23:54:22.641Z
329,LJ61LHP,2026-04-29T23:54:22.641Z
329,LK65BYU,2026-04-29T23:54:22.641Z
330,LX11FJK,2026-04-29T23:54:22.641Z
333,BV66VGD,2026-04-29T23:54:22.641Z
333,BV66VGN,2026-04-29T23:54:22.641Z
333,BV66VGO,2026-04-29T23:54:22.641Z
333,BV66VLL,2026-04-29T23:54:22.641Z
333,LF67EWL,2026-04-29T23:54:22.641Z
333,LF67EWN,2026-04-29T23:54:22.641Z
335,LJ17WOH,2026-04-29T23:54:22.641Z
335,LJ62BVY,2026-04-29T23:54:22.641Z
337,LV24EUF,2026-04-29T23:54:22.641Z
337,LV73FHN,2026-04-29T23:54:22.641Z
341,LJ75VZX,2026-04-29T23:54:22.641Z
341,LV74CEK,2026-04-29T23:54:22.641Z
341,LY24JOJ,2026-04-29T23:54:22.641Z
341,LY24JPO,2026-04-29T23:54:22.641Z
341,LY24KZJ,2026-04-29T23:54:22.641Z
341,LY24RWF,2026-04-29T23:54:22.641Z
343,YX67VFK,2026-04-29T23:54:22.641Z
343,YY67URV,2026-04-29T23:54:22.641Z
344,SK14CUC,2026-04-29T23:54:22.641Z
344,SK14CUG,2026-04-29T23:54:22.641Z
344,SK14CUH,2026-04-29T23:54:22.641Z
344,SL14DDU,2026-04-29T23:54:22.641Z
344,SN61CYV,2026-04-29T23:54:22.641Z
344,SN64OEX,2026-04-29T23:54:22.641Z
344,SN64OFH,2026-04-29T23:54:22.641Z
344,YX15OWU,2026-04-29T23:54:22.641Z
344,YY16YKJ,2026-04-29T23:54:22.641Z
345,SN64OFA,2026-04-29T23:54:22.641Z
345,SN64OFE,2026-04-29T23:54:22.641Z
345,SN64OFG,2026-04-29T23:54:22.641Z
345,YY16YKH,2026-04-29T23:54:22.641Z
346,YW19VUC,2026-04-29T23:54:22.641Z
350,YX10EBJ,2026-04-29T23:54:22.641Z
358,LJ23FHS,2026-04-29T23:54:22.641Z
358,LJ74BRF,2026-04-29T23:54:22.641Z
358,LJ74BRV,2026-04-29T23:54:22.641Z
358,LJ74CZO,2026-04-29T23:54:22.641Z
360,LJ66CJZ,2026-04-29T23:54:22.641Z
360,LV25CSF,2026-04-29T23:54:22.641Z
363,LV24VNP,2026-04-29T23:54:22.641Z
363,LV24VNY,2026-04-29T23:54:22.641Z
363,YY67GZT,2026-04-29T23:54:22.641Z
365,LV25PWY,2026-04-29T23:54:22.641Z
365,LV73FFB,2026-04-29T23:54:22.641Z
365,LV73FGC,2026-04-29T23:54:22.641Z
366,LB23PDU,2026-04-29T23:54:22.641Z
367,YX10EBF,2026-04-29T23:54:22.641Z
367,YY64GVX,2026-04-29T23:54:22.641Z
370,LF67EUZ,2026-04-29T23:54:22.641Z
370,LF67EVT,2026-04-29T23:54:22.641Z
371,LD71YLR,2026-04-29T23:54:22.641Z
371,LD71YLV,2026-04-29T23:54:22.641Z
371,LG71DTO,2026-04-29T23:54:22.641Z
371,LG71DUA,2026-04-29T23:54:22.641Z
371,MF25HGE,2026-04-29T23:54:22.641Z
371,MF25HGY,2026-04-29T23:54:22.641Z
378,YW19VSO,2026-04-29T23:54:22.641Z
378,YW19VSP,2026-04-29T23:54:22.641Z
379,YX25NYV,2026-04-29T23:54:22.641Z
380,YX17NXG,2026-04-29T23:54:22.641Z
381,LV24VNZ,2026-04-29T23:54:22.641Z
381,LV24VOH,2026-04-29T23:54:22.641Z
386,SN12AVG,2026-04-29T23:54:22.641Z
388,SN16OHY,2026-04-29T23:54:22.641Z
388,SN16OJD,2026-04-29T23:54:22.641Z
388,SN16OJG,2026-04-29T23:54:22.641Z
388,SN66WRW,2026-04-29T23:54:22.641Z
394,YX17NWS,2026-04-29T23:54:22.641Z
398,LC71KUN,2026-04-29T23:54:22.641Z
403,LK59FDP,2026-04-29T23:54:22.641Z
407,SN61DFV,2026-04-29T23:54:22.641Z
407,SN61DFZ,2026-04-29T23:54:22.641Z
407,YY67GZC,2026-04-29T23:54:22.641Z
407,YY67GZE,2026-04-29T23:54:22.641Z
407,YY67GZF,2026-04-29T23:54:22.641Z
407,YY67GZH,2026-04-29T23:54:22.641Z
410,LK66AMU,2026-04-29T23:54:22.641Z
410,LK66AMV,2026-04-29T23:54:22.641Z
410,LK66ANF,2026-04-29T23:54:22.641Z
410,LK66AOG,2026-04-29T23:54:22.641Z
413,LG23FKA,2026-04-29T23:54:22.641Z
413,LG73FSX,2026-04-29T23:54:22.641Z
417,LV23EYU,2026-04-29T23:54:22.641Z
417,LV23EYY,2026-04-29T23:54:22.641Z
419,SN17MUV,2026-04-29T23:54:22.641Z
419,SN17MVH,2026-04-29T23:54:22.641Z
419,YX68UOY,2026-04-29T23:54:22.641Z
419,YX68UPB,2026-04-29T23:54:22.641Z
419,YX68UVV,2026-04-29T23:54:22.641Z
422,BF15KHH,2026-04-29T23:54:22.641Z
422,SN14TWW,2026-04-29T23:54:22.641Z
422,SN63JWC,2026-04-29T23:54:22.641Z
422,SN63NBJ,2026-04-29T23:54:22.641Z
422,SN63NBK,2026-04-29T23:54:22.641Z
422,YX68UKK,2026-04-29T23:54:22.641Z
423,BF67GNP,2026-04-29T23:54:22.641Z
423,LC67ADV,2026-04-29T23:54:22.641Z
425,SK20BDX,2026-04-29T23:54:22.641Z
427,SN18KLJ,2026-04-29T23:54:22.641Z
427,YX17NVB,2026-04-29T23:54:22.641Z
430,BT66MSV,2026-04-29T23:54:22.641Z
430,BV66VHW,2026-04-29T23:54:22.641Z
430,YY66OYV,2026-04-29T23:54:22.641Z
430,YY66OZJ,2026-04-29T23:54:22.641Z
430,YY66OZT,2026-04-29T23:54:22.641Z
432,LT63UJR,2026-04-29T23:54:22.641Z
432,LT63UJS,2026-04-29T23:54:22.641Z
436,YW17JUK,2026-04-29T23:54:22.641Z
436,YX18KRO,2026-04-29T23:54:22.641Z
436,YX18KTJ,2026-04-29T23:54:22.641Z
436,YY67UTE,2026-04-29T23:54:22.641Z
436,YY67UTL,2026-04-29T23:54:22.641Z
440,YX19OMY,2026-04-29T23:54:22.641Z
440,YX68UWF,2026-04-29T23:54:22.641Z
440,YX68UWL,2026-04-29T23:54:22.641Z
444,LX75ZHU,2026-04-29T23:54:22.641Z
464,YX16ODV,2026-04-29T23:54:22.641Z
465,YX13EFM,2026-04-29T23:54:22.641Z
466,LF75OWE,2026-04-29T23:54:22.641Z
466,LF75OWV,2026-04-29T23:54:22.641Z
468,LK17AGU,2026-04-29T23:54:22.641Z
468,LK17AHE,2026-04-29T23:54:22.641Z
468,LK17AKZ,2026-04-29T23:54:22.641Z
468,LK17ALU,2026-04-29T23:54:22.641Z
469,YX16NZY,2026-04-29T23:54:22.641Z
469,YX16OAM,2026-04-29T23:54:22.641Z
469,YX61DTZ,2026-04-29T23:54:22.641Z
473,LF74TVN,2026-04-29T23:54:22.641Z
473,LF74TWZ,2026-04-29T23:54:22.641Z
473,LF74TXO,2026-04-29T23:54:22.641Z
473,LF74TXR,2026-04-29T23:54:22.641Z
474,BP15OME,2026-04-29T23:54:22.641Z
474,LF67EXG,2026-04-29T23:54:22.641Z
474,LF67EXL,2026-04-29T23:54:22.641Z
474,LF67EXS,2026-04-29T23:54:22.641Z
474,LF67EXW,2026-04-29T23:54:22.641Z
474,SN61BHX,2026-04-29T23:54:22.641Z
482,YX20OCA,2026-04-29T23:54:22.641Z
482,YX20OCB,2026-04-29T23:54:22.641Z
483,LK15CXL,2026-04-29T23:54:22.641Z
483,LK15CXM,2026-04-29T23:54:22.641Z
483,LK17CYV,2026-04-29T23:54:22.641Z
483,LK17DGU,2026-04-29T23:54:22.641Z
483,LK18AGY,2026-04-29T23:54:22.641Z
484,LF69UZD,2026-04-29T23:54:22.641Z
484,LF69UZM,2026-04-29T23:54:22.641Z
484,LG21JCU,2026-04-29T23:54:22.641Z
486,BL61ACZ,2026-04-29T23:54:22.641Z
486,LJ61NUV,2026-04-29T23:54:22.641Z
486,LJ61NWW,2026-04-29T23:54:22.641Z
486,YX61DTN,2026-04-29T23:54:22.641Z
487,LF73DVU,2026-04-29T23:54:22.641Z
487,LF73DWP,2026-04-29T23:54:22.641Z
488,YY64YKO,2026-04-29T23:54:22.641Z
488,YY64YKV,2026-04-29T23:54:22.641Z
490,YX13EFW,2026-04-29T23:54:22.641Z
490,YY64YJN,2026-04-29T23:54:22.641Z
490,YY64YJO,2026-04-29T23:54:22.641Z
490,YY64YJZ,2026-04-29T23:54:22.641Z
492,LK65ELV,2026-04-29T23:54:22.641Z
492,LK65ENX,2026-04-29T23:54:22.641Z
493,LX26ZFB,2026-04-29T23:54:22.641Z
493,LX26ZFH,2026-04-29T23:54:22.641Z
493,YX11HPF,2026-04-29T23:54:22.641Z
493,YX62DAU,2026-04-29T23:54:22.641Z
493,YX62DBU,2026-04-29T23:54:22.641Z
493,YX62DVG,2026-04-29T23:54:22.641Z
533,YW19VSK,2026-04-29T23:54:22.641Z
533,YX65RPO,2026-04-29T23:54:22.641Z
A10,LK11CWG,2026-04-29T23:54:22.641Z
B12,YX61BWZ,2026-04-29T23:54:22.641Z
B15,LV25CRF,2026-04-29T23:54:22.641Z
B16,LV25CPO,2026-04-29T23:54:22.641Z
BL1,LF20XNP,2026-04-29T23:54:22.641Z
C10,LV25WYD,2026-04-29T23:54:22.641Z
C10,LV25WYG,2026-04-29T23:54:22.641Z
C10,LV25WYH,2026-04-29T23:54:22.641Z
C10,LV25XZE,2026-04-29T23:54:22.641Z
C10,LV25XZL,2026-04-29T23:54:22.641Z
C10,LV25XZP,2026-04-29T23:54:22.641Z
C10,LX75ZFW,2026-04-29T23:54:22.641Z
C10,LX75ZGA,2026-04-29T23:54:22.641Z
D3,LG73FYW,2026-04-29T23:54:22.641Z
D3,LG73FYX,2026-04-29T23:54:22.641Z
D3,LG73FZC,2026-04-29T23:54:22.641Z
D3,LG73FZD,2026-04-29T23:54:22.641Z
D6,LX13CZW,2026-04-29T23:54:22.641Z
D6,LX13CZY,2026-04-29T23:54:22.641Z
D6,YX65RMO,2026-04-29T23:54:22.641Z
D6,YX68UML,2026-04-29T23:54:22.641Z
D7,LV24EUX,2026-04-29T23:54:22.641Z
D7,LV24EVM,2026-04-29T23:54:22.641Z
D7,LV24EVP,2026-04-29T23:54:22.641Z
D8,LJ24ZPY,2026-04-29T23:54:22.641Z
E1,LK12AUN,2026-04-29T23:54:22.641Z
E1,LK62DNU,2026-04-29T23:54:22.641Z
E1,LK65EBG,2026-04-29T23:54:22.641Z
E1,LK65EBL,2026-04-29T23:54:22.641Z
E10,YX19OPM,2026-04-29T23:54:22.641Z
E11,YX19OPR,2026-04-29T23:54:22.641Z
E2,LK12AEG,2026-04-29T23:54:22.641Z
E2,LK12AEW,2026-04-29T23:54:22.641Z
E2,LK17CZP,2026-04-29T23:54:22.641Z
E2,LK17CZR,2026-04-29T23:54:22.641Z
E2,LK17CZU,2026-04-29T23:54:22.641Z
E2,LK17DBY,2026-04-29T23:54:22.641Z
E2,LK17DFO,2026-04-29T23:54:22.641Z
E3,BF67GKZ,2026-04-29T23:54:22.641Z
E3,BF67GMU,2026-04-29T23:54:22.641Z
E3,BF67GMX,2026-04-29T23:54:22.641Z
E3,BF67GMZ,2026-04-29T23:54:22.641Z
E3,LJ16EWE,2026-04-29T23:54:22.641Z
E3,LJ65FZN,2026-04-29T23:54:22.641Z
E3,SN12ARF,2026-04-29T23:54:22.641Z
E3,YX62FCM,2026-04-29T23:54:22.641Z
E3,YX62FME,2026-04-29T23:54:22.641Z
E5,YX16ODK,2026-04-29T23:54:22.641Z
E5,YX19OOE,2026-04-29T23:54:22.641Z
E6,LV24EXJ,2026-04-29T23:54:22.641Z
E6,LV24EXK,2026-04-29T23:54:22.641Z
E7,LV73FGU,2026-04-29T23:54:22.641Z
E7,LV73FHJ,2026-04-29T23:54:22.641Z
E7,SN17MOF,2026-04-29T23:54:22.641Z
E8,LA68DXW,2026-04-29T23:54:22.641Z
E8,LF68PXG,2026-04-29T23:54:22.641Z
E8,LK17CZH,2026-04-29T23:54:22.641Z
E8,LK18AJY,2026-04-29T23:54:22.641Z
E8,LK67EOC,2026-04-29T23:54:22.641Z
E8,LK67EOG,2026-04-29T23:54:22.641Z
E8,LK67EOH,2026-04-29T23:54:22.641Z
E9,LF68PXV,2026-04-29T23:54:22.641Z
H10,LC71KUO,2026-04-29T23:54:22.641Z
H10,LC71KUR,2026-04-29T23:54:22.641Z
H10,LC71KUV,2026-04-29T23:54:22.641Z
H22,SN17MVK,2026-04-29T23:54:22.641Z
H22,YX68UOV,2026-04-29T23:54:22.641Z
H22,YX68UVP,2026-04-29T23:54:22.641Z
H25,YX12GHG,2026-04-29T23:54:22.641Z
H25,YX13EFT,2026-04-29T23:54:22.641Z
H26,SN66WLH,2026-04-29T23:54:22.641Z
H37,SK68LXX,2026-04-29T23:54:22.641Z
H37,YX19OLA,2026-04-29T23:54:22.641Z
H37,YX19OLG,2026-04-29T23:54:22.641Z
H9,LC71KUD,2026-04-29T23:54:22.641Z
H9,LC71KUH,2026-04-29T23:54:22.641Z
H9,LC71KUT,2026-04-29T23:54:22.641Z
N1,BV66VJM,2026-04-29T23:54:22.641Z
N1,BV66VLD,2026-04-29T23:54:22.641Z
N1,SN66WNZ,2026-04-29T23:54:22.641Z
N109,YY64TYS,2026-04-29T23:54:22.641Z
N109,YY67GZB,2026-04-29T23:54:22.641Z
N11,BD65EWY,2026-04-29T23:54:22.641Z
N11,YX18KXA,2026-04-29T23:54:22.641Z
N113,LV24VOK,2026-04-29T23:54:22.641Z
N113,LV24VPJ,2026-04-29T23:54:22.641Z
N118,LF75ONM,2026-04-29T23:54:22.641Z
N118,LF75OOJ,2026-04-29T23:54:22.641Z
N118,LF75OOY,2026-04-29T23:54:22.641Z
N118,LF75OPU,2026-04-29T23:54:22.641Z
N136,YX18KTO,2026-04-29T23:54:22.641Z
N136,YY67URG,2026-04-29T23:54:22.641Z
N136,YY67URP,2026-04-29T23:54:22.641Z
N140,LK16HZH,2026-04-29T23:54:22.641Z
N140,LK16HZJ,2026-04-29T23:54:22.641Z
N140,LK66DWU,2026-04-29T23:54:22.641Z
N140,LK66DXB,2026-04-29T23:54:22.641Z
N140,LK66EOA,2026-04-29T23:54:22.641Z
N15,LF67EXJ,2026-04-29T23:54:22.641Z
N15,YW17JVE,2026-04-29T23:54:22.641Z
N155,BD65EVT,2026-04-29T23:54:22.641Z
N155,BD65EVY,2026-04-29T23:54:22.641Z
N155,BD65EWA,2026-04-29T23:54:22.641Z
N155,BD65EWV,2026-04-29T23:54:22.641Z
N155,BD65EWX,2026-04-29T23:54:22.641Z
N155,YX18KXB,2026-04-29T23:54:22.641Z
N171,SN18KMZ,2026-04-29T23:54:22.641Z
N171,YX67VFO,2026-04-29T23:54:22.641Z
N171,YY67URO,2026-04-29T23:54:22.641Z
N18,LF75ONJ,2026-04-29T23:54:22.641Z
N18,LF75ONN,2026-04-29T23:54:22.641Z
N18,LF75OOU,2026-04-29T23:54:22.641Z
N18,LF75OPT,2026-04-29T23:54:22.641Z
N18,LF75OPY,2026-04-29T23:54:22.641Z
N199,LV73FEU,2026-04-29T23:54:22.641Z
N199,LV73FEX,2026-04-29T23:54:22.641Z
N199,LV75FLJ,2026-04-29T23:54:22.641Z
N2,LK17AGO,2026-04-29T23:54:22.641Z
N2,LK17AHZ,2026-04-29T23:54:22.641Z
N2,LK17AKV,2026-04-29T23:54:22.641Z
N205,SK20AZA,2026-04-29T23:54:22.641Z
N205,SN14TYK,2026-04-29T23:54:22.641Z
N207,SN18KKY,2026-04-29T23:54:22.641Z
N207,SN18KLF,2026-04-29T23:54:22.641Z
N207,YX17NVA,2026-04-29T23:54:22.641Z
N207,YX17NVM,2026-04-29T23:54:22.641Z
N207,YX19ORH,2026-04-29T23:54:22.641Z
N207,YX19ORK,2026-04-29T23:54:22.641Z
N21,SN18KMM,2026-04-29T23:54:22.641Z
N21,YX67VFL,2026-04-29T23:54:22.641Z
N22,BV66VHY,2026-04-29T23:54:22.641Z
N22,BV66VLE,2026-04-29T23:54:22.641Z
N22,YY66OZM,2026-04-29T23:54:22.641Z
N22,YY66OZR,2026-04-29T23:54:22.641Z
N242,LJ24ZPE,2026-04-29T23:54:22.641Z
N242,LJ24ZPH,2026-04-29T23:54:22.641Z
N242,LJ74XPG,2026-04-29T23:54:22.641Z
N242,LV25XWT,2026-04-29T23:54:22.641Z
N25,SK20AXY,2026-04-29T23:54:22.641Z
N25,SK20AXZ,2026-04-29T23:54:22.641Z
N25,SK20AYC,2026-04-29T23:54:22.641Z
N25,SK20AYJ,2026-04-29T23:54:22.641Z
N25,SK20AYM,2026-04-29T23:54:22.641Z
N25,SK20AYS,2026-04-29T23:54:22.641Z
N25,SK20AYW,2026-04-29T23:54:22.641Z
N25,SK20BBU,2026-04-29T23:54:22.641Z
N25,SK20BCE,2026-04-29T23:54:22.641Z
N25,SK20BCY,2026-04-29T23:54:22.641Z
N250,LJ10HUV,2026-04-29T23:54:22.641Z
N26,LJ24ZRL,2026-04-29T23:54:22.641Z
N26,SN16OHV,2026-04-29T23:54:22.641Z
N26,SN16OJB,2026-04-29T23:54:22.641Z
N26,SN16OJL,2026-04-29T23:54:22.641Z
N26,SN66WRJ,2026-04-29T23:54:22.641Z
N263,LK65ECA,2026-04-29T23:54:22.641Z
N263,LK66DWO,2026-04-29T23:54:22.641Z
N263,LK66EOM,2026-04-29T23:54:22.641Z
N266,LY74NYC,2026-04-29T23:54:22.641Z
N266,LY74NYD,2026-04-29T23:54:22.641Z
N266,LY74NYH,2026-04-29T23:54:22.641Z
N277,LJ24ZPK,2026-04-29T23:54:22.641Z
N277,LJ24ZRN,2026-04-29T23:54:22.641Z
N277,LV25XWX,2026-04-29T23:54:22.641Z
N277,MF25HKG,2026-04-29T23:54:22.641Z
N279,LV23ECZ,2026-04-29T23:54:22.641Z
N279,LV24VSG,2026-04-29T23:54:22.641Z
N279,LV24WUC,2026-04-29T23:54:22.641Z
N279,LV24WUK,2026-04-29T23:54:22.641Z
N279,LY24EKP,2026-04-29T23:54:22.641Z
N28,LK62DVB,2026-04-29T23:54:22.641Z
N28,LK62DVF,2026-04-29T23:54:22.641Z
N29,LJ13FAU,2026-04-29T23:54:22.641Z
N29,LJ13FBX,2026-04-29T23:54:22.641Z
N29,LJ13FBZ,2026-04-29T23:54:22.641Z
N29,LJ13FCZ,2026-04-29T23:54:22.641Z
N29,LK66GBV,2026-04-29T23:54:22.641Z
N31,LF75OPL,2026-04-29T23:54:22.641Z
N31,LJ17WRD,2026-04-29T23:54:22.641Z
N32,LK14FCA,2026-04-29T23:54:22.641Z
N32,LK64EDC,2026-04-29T23:54:22.641Z
N32,LK64EDO,2026-04-29T23:54:22.641Z
N33,LD71YLU,2026-04-29T23:54:22.641Z
N343,SN18KMY,2026-04-29T23:54:22.641Z
N343,YX18KSK,2026-04-29T23:54:22.641Z
N343,YX67VFH,2026-04-29T23:54:22.641Z
N381,LC71KWT,2026-04-29T23:54:22.641Z
N381,LV24VNX,2026-04-29T23:54:22.641Z
N381,LV24VOB,2026-04-29T23:54:22.641Z
N381,LV73FDP,2026-04-29T23:54:22.641Z
N41,LF67EUB,2026-04-29T23:54:22.641Z
N41,LF67EUH,2026-04-29T23:54:22.641Z
N44,YX18KPA,2026-04-29T23:54:22.641Z
N44,YX18KWZ,2026-04-29T23:54:22.641Z
N44,YX18KXW,2026-04-29T23:54:22.641Z
N44,YY66OYC,2026-04-29T23:54:22.641Z
N5,BU16UXF,2026-04-29T23:54:22.641Z
N5,YX68UNW,2026-04-29T23:54:22.641Z
N5,YX68UOJ,2026-04-29T23:54:22.641Z
N53,YX16OGR,2026-04-29T23:54:22.641Z
N53,YX16OGW,2026-04-29T23:54:22.641Z
N53,YX16OHL,2026-04-29T23:54:22.641Z
N550,LJ24ZPF,2026-04-29T23:54:22.641Z
N550,LJ24ZPG,2026-04-29T23:54:22.641Z
N550,SN16OHS,2026-04-29T23:54:22.641Z
N550,SN66WRE,2026-04-29T23:54:22.641Z
N550,SN66WRV,2026-04-29T23:54:22.641Z
N551,YX66WAU,2026-04-29T23:54:22.641Z
N551,YX67VBK,2026-04-29T23:54:22.641Z
N551,YY66PHU,2026-04-29T23:54:22.641Z
N551,YY66PJJ,2026-04-29T23:54:22.641Z
N551,YY66PJV,2026-04-29T23:54:22.641Z
N63,LV24VNO,2026-04-29T23:54:22.641Z
N63,YX17NVV,2026-04-29T23:54:22.641Z
N63,YY67GZN,2026-04-29T23:54:22.641Z
N65,LJ69YYB,2026-04-29T23:54:22.641Z
N7,LA68DWO,2026-04-29T23:54:22.641Z
N7,LF68PXK,2026-04-29T23:54:22.641Z
N7,LF68PXM,2026-04-29T23:54:22.641Z
N7,LK17CYW,2026-04-29T23:54:22.641Z
N7,LK17CZN,2026-04-29T23:54:22.641Z
N72,YX68UVE,2026-04-29T23:54:22.641Z
N8,SK20AYT,2026-04-29T23:54:22.641Z
N83,LA68DWN,2026-04-29T23:54:22.641Z
N83,LK15CXF,2026-04-29T23:54:22.641Z
N83,LK17CYU,2026-04-29T23:54:22.641Z
N86,LV73FFA,2026-04-29T23:54:22.641Z
N87,BD65EWO,2026-04-29T23:54:22.641Z
N87,YX18KWW,2026-04-29T23:54:22.641Z
N87,YX18KXC,2026-04-29T23:54:22.641Z
N87,YX18KXM,2026-04-29T23:54:22.641Z
N87,YX18KXV,2026-04-29T23:54:22.641Z
N89,SN18KLZ,2026-04-29T23:54:22.641Z
N89,SN18KNA,2026-04-29T23:54:22.641Z
N89,YW17JUE,2026-04-29T23:54:22.641Z
N89,YX67VFN,2026-04-29T23:54:22.641Z
N89,YX67VFP,2026-04-29T23:54:22.641Z
N89,YY67URX,2026-04-29T23:54:22.641Z
N89,YY67UTF,2026-04-29T23:54:22.641Z
N9,LA68DXV,2026-04-29T23:54:22.641Z
N9,LF68PXD,2026-04-29T23:54:22.641Z
N9,LK17CZJ,2026-04-29T23:54:22.641Z
N9,LK17DAU,2026-04-29T23:54:22.641Z
N9,LK17DDJ,2026-04-29T23:54:22.641Z
N9,LK67EZT,2026-04-29T23:54:22.641Z
N91,BL15HBJ,2026-04-29T23:54:22.641Z
N91,BL15HCD,2026-04-29T23:54:22.641Z
N91,BV66VFY,2026-04-29T23:54:22.641Z
N91,LF67EWW,2026-04-29T23:54:22.641Z
N97,LJ61GXH,2026-04-29T23:54:22.641Z
N97,YY66OZB,2026-04-29T23:54:22.641Z
N98,LK16HZS,2026-04-29T23:54:22.641Z
N98,LK66DWG,2026-04-29T23:54:22.641Z
N98,LK66DWL,2026-04-29T23:54:22.641Z
N98,LK66DWX,2026-04-29T23:54:22.641Z
N98,LK66DWY,2026-04-29T23:54:22.641Z
N98,LK66ENX,2026-04-29T23:54:22.641Z
N98,LK66EOB,2026-04-29T23:54:22.641Z
P4,SK17HKL,2026-04-29T23:54:22.641Z
P4,SK66HSN,2026-04-29T23:54:22.641Z
P4,SK66HSO,2026-04-29T23:54:22.641Z
R11,YX25OCE,2026-04-29T23:54:22.641Z
R11,YY15CNX,2026-04-29T23:54:22.641Z
R68,SN17MVZ,2026-04-29T23:54:22.641Z
R68,SN17MWD,2026-04-29T23:54:22.641Z
R68,YX13EFO,2026-04-29T23:54:22.641Z
R70,LV24VRR,2026-04-29T23:54:22.641Z
R70,LV24VRU,2026-04-29T23:54:22.641Z
R70,SN17MWE,2026-04-29T23:54:22.641Z
R70,SN17MWG,2026-04-29T23:54:22.641Z
S4,SK17HKE,2026-04-29T23:54:22.641Z
SL1,LK65BYY,2026-04-29T23:54:22.641Z
SL1,LK65BZA,2026-04-29T23:54:22.641Z
SL1,LK65BZE,2026-04-29T23:54:22.641Z
SL10,LG22ATX,2026-04-29T23:54:22.641Z
SL10,LG22AUH,2026-04-29T23:54:22.641Z
SL10,LG71DWE,2026-04-29T23:54:22.641Z
SL2,LK66HBJ,2026-04-29T23:54:22.641Z
SL2,LK66HCD,2026-04-29T23:54:22.641Z
SL2,LK66HCE,2026-04-29T23:54:22.641Z
SL3,SK25AOA,2026-04-29T23:54:22.641Z
SL3,SK25AOH,2026-04-29T23:54:22.641Z
SL3,SK25AON,2026-04-29T23:54:22.641Z
SL4,LF74TVZ,2026-04-29T23:54:22.641Z
SL4,LF74TWU,2026-04-29T23:54:22.641Z
SL5,LF25TGU,2026-04-29T23:54:22.641Z
SL7,LJ12CHG,2026-04-29T23:54:22.641Z
SL7,LJ61NWB,2026-04-29T23:54:22.641Z
SL7,LX59DDL,2026-04-29T23:54:22.641Z
SL7,LX59DEU,2026-04-29T23:54:22.641Z
SL8,LF19FXR,2026-04-29T23:54:22.641Z
U1,LK11CWL,2026-04-29T23:54:22.641Z
U7,YX16OAU,2026-04-29T23:54:22.641Z
U7,YX16OFR,2026-04-29T23:54:22.641Z
U7,YX16OFS,2026-04-29T23:54:22.641Z
W15,LB71XNW,2026-04-29T23:54:22.641Z
W15,LF20XMY,2026-04-29T23:54:22.641Z
W15,LF70YWK,2026-04-29T23:54:22.641Z
W15,LF70YWR,2026-04-29T23:54:22.641Z
W3,LJ13FBN,2026-04-29T23:54:22.641Z
W3,LJ13FBY,2026-04-29T23:54:22.641Z
W3,LK17AJX,2026-04-29T23:54:22.641Z
W3,LK66HCN,2026-04-29T23:54:22.641Z
W7,LV23ZBX,2026-04-29T23:54:22.641Z
W7,LV23ZBZ,2026-04-29T23:54:22.641Z
W8,LF25SXN,2026-04-29T23:54:22.641Z
